keyword,search_volume,keyword_difficulty,cpc,main_intent,opportunity_score,cluster
routine for morning,18100,27,0.92,informational,17.3143,morning_routine
routine in the morning,18100,37,0.92,informational,14.9425,morning_routine
morning routine,18100,37,0.92,informational,14.9425,morning_routine
success morning routine,6600,22,0.06,commercial,7.7683,morning_routine
morning success routine,6600,15,0.06,informational,6.7724,morning_routine
morning routine of successful,6600,19,0.06,informational,6.4537,morning_routine
morning routine for success,6600,23,0.06,informational,6.135,morning_routine
ashton hall morning routine,5400,14,0,informational,5.5728,morning_routine
successful morning routine,6600,31,0.06,informational,5.4976,morning_routine
morning routine guy,4400,9,0,informational,4.8048,morning_routine
morning skincare routine,2900,7,1.86,commercial,4.798,morning_routine
morning skin care routine,2900,0,0.96,commercial,4.7676,morning_routine
morning stretches routine,3600,10,1.99,informational,4.6617,morning_routine
morning stretch routine,3600,10,1.77,informational,4.5762,morning_routine
morning stretching routine,3600,13,1.99,informational,4.5063,morning_routine
skin routine morning,2900,15,1.86,informational,3.5082,morning_routine
morning routine guys,2400,0,0,informational,2.88,morning_routine
morning training routine,1600,0,3.29,informational,2.5517,morning_routine
workout morning routine,1600,4,2.66,informational,2.3335,morning_routine
great morning routine,1900,16,2.05,informational,2.3078,morning_routine
good morning routine,1900,16,2.05,informational,2.3078,morning_routine
morning exercises routine,1600,12,3.29,informational,2.2455,morning_routine
morning workout routine,1600,12,3.29,informational,2.2455,morning_routine
morning exercise routine,1600,12,3.29,informational,2.2455,morning_routine
morning routine exercise,1600,12,3.29,informational,2.2455,morning_routine
morning routine exercises,1600,12,3.29,informational,2.2455,morning_routine
routine morning exercise,1600,12,3.29,informational,2.2455,morning_routine
exercise morning routine,1600,12,3.29,informational,2.2455,morning_routine
ideas morning routine,1300,5,4.06,informational,2.0837,morning_routine
morning routine ideas,1300,6,4.06,informational,2.0618,morning_routine
morning routine for preschool,1600,0,0.32,informational,1.9814,morning_routine
morning routine for preschoolers,1600,0,0.32,informational,1.9814,morning_routine
best routine morning,1900,28,2.05,informational,1.9781,morning_routine
morning routine idea,1300,10,4.06,informational,1.974,morning_routine
best morning routine,1900,30,2.05,informational,1.9232,morning_routine
morning routine memes,1600,0,0,informational,1.92,morning_routine
routine morning workout,1600,25,3.29,informational,1.9138,morning_routine
better morning routine,1900,22,0.75,informational,1.9118,morning_routine
morning routine yoga,1600,9,0.89,informational,1.9027,morning_routine
fitness morning routine,1600,27,3.29,informational,1.8627,morning_routine
morning yoga routine,1600,19,1.89,informational,1.8491,morning_routine
morning routine meme,1600,4,0,informational,1.8432,morning_routine
yoga routine for the morning,1600,19,0.89,informational,1.6936,morning_routine
yoga morning routine,1600,23,0.89,informational,1.61,morning_routine
yoga routine for morning,1600,28,0.89,informational,1.5054,morning_routine
morning routine suggestions,1300,37,4.06,informational,1.3818,morning_routine
morning routine checklist,1000,0,0.52,informational,1.2624,morning_routine
skincare routine morning and night,720,3,1.96,commercial,1.2529,morning_routine
morning and night skin care routine,720,6,1.96,commercial,1.2142,morning_routine
night and morning skin care routine,720,6,1.96,commercial,1.2142,morning_routine
morning and nighttime skincare routine,720,14,1.96,commercial,1.1108,morning_routine
patrick bateman morning routine,880,0,0,informational,1.056,morning_routine
morning skincare routine order,720,9,0.6,commercial,1.0418,morning_routine
skin care routine morning and night,720,21,1.96,commercial,1.0204,morning_routine
morning miracle routine,880,7,0.3,informational,1.0115,morning_routine
skincare routine order morning and night,1000,4,3.03,transactional,1.0007,morning_routine
miracle morning routine,880,7,0.09,informational,0.9909,morning_routine
morning routine electrolytes,590,0,1.13,commercial,0.985,morning_routine
morning facial routine,720,0,1.27,informational,0.9737,morning_routine
face routine morning,720,0,1.27,informational,0.9737,morning_routine
morning face routine,720,0,1.25,informational,0.972,morning_routine
night and morning skincare routine,720,25,1.96,commercial,0.9688,morning_routine
morning and night skincare routine,720,25,1.96,commercial,0.9688,morning_routine
mindfulness morning routine,480,0,6.7,informational,0.9619,morning_routine
morning routine face,720,2,1.27,informational,0.9543,morning_routine
skincare routine morning,590,0,0.67,commercial,0.9443,morning_routine
morning routine for skin care,590,0,0.67,commercial,0.9443,morning_routine
skin care routine morning,590,0,0.67,commercial,0.9443,morning_routine
skincare morning routine,590,1,0.67,commercial,0.9349,morning_routine
list morning routine,720,5,1.28,informational,0.9259,morning_routine
morning routine for face,590,3,0.67,commercial,0.916,morning_routine
skin care routine order morning and night,1000,14,3.03,transactional,0.8965,morning_routine
morning mindfulness routine,480,7,6.7,informational,0.8946,morning_routine
calming morning routine for anxiety,590,0,0,commercial,0.885,morning_routine
mindful morning routine,480,8,6.7,informational,0.885,morning_routine
morning routine for skincare,590,7,0.67,commercial,0.8782,morning_routine
morning skin routine order,720,5,0.61,informational,0.8709,morning_routine
morning routine list,720,5,0.29,informational,0.8446,morning_routine
mel robbins morning routine,720,5,0.06,informational,0.8257,morning_routine
skin care morning routine,590,15,0.67,commercial,0.8027,morning_routine
morning face care routine,590,16,0.67,commercial,0.7932,morning_routine
tai chi morning routine,480,0,3.68,informational,0.788,morning_routine
morning tai chi routine,480,4,3.68,informational,0.7564,morning_routine
morning skin care routine order,720,34,0.6,commercial,0.7556,morning_routine
morning routine for skin,590,1,0.67,informational,0.7479,morning_routine
american psycho morning routine,480,0,0,commercial,0.72,morning_routine
morning routine for productivity,590,24,2.9,informational,0.6941,morning_routine
productivity morning routine,590,24,2.9,informational,0.6941,morning_routine
morning routine productivity,590,27,2.9,informational,0.6667,morning_routine
morning skin routine,590,12,0.67,informational,0.6648,morning_routine
health morning routine,590,17,1.15,informational,0.6552,morning_routine
morning health routine,590,17,1.15,informational,0.6552,morning_routine
morning routine productive,590,32,2.9,informational,0.6211,morning_routine
visual schedule morning routine,480,0,0.5,informational,0.6048,morning_routine
morning qigong routine,320,0,2.56,commercial,0.6029,morning_routine
qi gong morning routine,320,1,2.56,commercial,0.5969,morning_routine
visual schedule for morning routine,480,0,0.34,informational,0.5956,morning_routine
morning routine visual schedule,480,0,0.34,informational,0.5956,morning_routine
qigong morning routine,320,2,2.56,commercial,0.5908,morning_routine
morning mobility routine,480,7,0.93,informational,0.5855,morning_routine
yoga for morning routine,590,22,0.52,informational,0.581,morning_routine
morning routine ayurveda,260,0,4.89,commercial,0.5807,morning_routine
ayurveda morning routine,260,0,4.89,commercial,0.5807,morning_routine
ayurvedic morning routine,260,0,4.89,commercial,0.5807,morning_routine
morning routine american psycho,480,0,0,informational,0.576,morning_routine
mark wahlberg morning routine,480,0,0,informational,0.576,morning_routine
healthy morning routine,590,28,1.29,informational,0.5755,morning_routine
productive morning routine,590,37,2.9,informational,0.5754,morning_routine
andrew huberman morning routine,480,5,0.44,informational,0.5713,morning_routine
morning healthy routine,590,28,1.15,informational,0.5684,morning_routine
the morning routine that will help you live to 100,480,2,0,informational,0.5645,morning_routine
morning stretch routine for men,390,18,1.68,commercial,0.5603,morning_routine
guy morning routine,480,9,0.16,informational,0.5325,morning_routine
male morning routine,390,0,0.86,informational,0.5082,morning_routine
men morning routine,390,0,0.86,informational,0.5082,morning_routine
morning routine for men,390,0,0.86,informational,0.5082,morning_routine
men's morning routine,390,0,0.86,informational,0.5082,morning_routine
morning routine men,390,0,0.86,informational,0.5082,morning_routine
man morning routine,390,1,0.86,informational,0.5032,morning_routine
morning routine charts,390,0,0.48,informational,0.4905,morning_routine
morning routine chart,390,1,0.48,informational,0.4856,morning_routine
scientifically proven best morning routine,320,6,0.55,commercial,0.476,morning_routine
morning routine planner,390,25,0.83,commercial,0.4752,morning_routine
morning routine spanish,390,0,0,informational,0.468,morning_routine
morning routine in spanish,390,0,0,informational,0.468,morning_routine
aesthetic morning routine,390,0,0,informational,0.468,morning_routine
spanish morning routine,390,0,0,informational,0.468,morning_routine
morning routine for guys,390,9,0.86,informational,0.4625,morning_routine
guys morning routine,390,9,0.86,informational,0.4625,morning_routine
5am morning routine,260,0,1.52,commercial,0.4493,morning_routine
morning stretching routine for men,390,18,1.68,informational,0.4482,morning_routine
skin care routine for morning,260,2,1.27,commercial,0.4307,morning_routine
morning stretch routine for women,320,16,0.61,commercial,0.4278,morning_routine
my routine in the morning,390,16,0.87,informational,0.4273,morning_routine
my morning routine,390,16,0.87,informational,0.4273,morning_routine
adhd morning routine,320,0,1.06,informational,0.4247,morning_routine
at home morning workout routine,260,13,5.08,informational,0.4093,morning_routine
morning workout routine at home,260,13,5.08,informational,0.4093,morning_routine
clip art morning routine,320,0,0.52,informational,0.404,morning_routine
clipart morning routine,320,0,0.52,informational,0.404,morning_routine
morning routine clipart,320,0,0.52,informational,0.404,morning_routine
morning routine template,320,0,0.39,informational,0.399,morning_routine
morning routine templates,320,0,0.39,informational,0.399,morning_routine
apps for morning routine,260,5,3.41,informational,0.3975,morning_routine
skincare routine for morning,260,0,0.11,commercial,0.3943,morning_routine
morning routine clip art,320,0,0.11,informational,0.3882,morning_routine
morning routine with pictures,320,0,0.05,informational,0.3859,morning_routine
pictures of morning routine,320,0,0.05,informational,0.3859,morning_routine
morning routine pictures,320,0,0.05,informational,0.3859,morning_routine
morning routine images,320,0,0.05,informational,0.3859,morning_routine
morning routine image,320,0,0.05,informational,0.3859,morning_routine
huberman morning routine,320,0,0,informational,0.384,morning_routine
viral morning routine,320,0,0,informational,0.384,morning_routine
morning routine ok ru,320,0,0,informational,0.384,morning_routine
gary brecka morning routine,320,0,0,informational,0.384,morning_routine
morning routine app,260,10,3.41,informational,0.3766,morning_routine
night morning routine,260,0,2.04,informational,0.3756,morning_routine
app morning routine,260,11,3.41,informational,0.3724,morning_routine
morning routine apps,260,11,3.41,informational,0.3724,morning_routine
morning routine night routine,260,2,2.04,informational,0.3681,morning_routine
5 am morning routine,260,0,1.52,informational,0.3594,morning_routine
saratoga water morning routine,260,10,0,commercial,0.351,morning_routine
morning night routine,260,7,2.04,informational,0.3494,morning_routine
free editable morning routine chart,260,0,1.15,informational,0.3479,morning_routine
korean morning skincare routine,210,5,1.55,commercial,0.3456,morning_routine
app for morning routine,260,11,2.41,informational,0.3446,morning_routine
morning stretch routine for woman,320,16,0.61,informational,0.3422,morning_routine
video morning routine,390,27,0,informational,0.3416,morning_routine
arthur brooks morning routine,260,14,0,commercial,0.3354,morning_routine
morning routine plan,390,34,0.83,informational,0.3345,morning_routine
morning and night routine,260,14,2.04,informational,0.3231,morning_routine
morning calisthenics routine,210,0,2.82,informational,0.3231,morning_routine
night and morning routine,260,0,0.23,informational,0.3192,morning_routine
morning skin care routine korean,210,6,0.75,commercial,0.3183,morning_routine
teenager morning routine,260,0,0.2,informational,0.3182,morning_routine
teenage morning routine,260,0,0.2,informational,0.3182,morning_routine
morning routine for teenager,260,0,0.2,informational,0.3182,morning_routine
morning routine for teenagers,260,0,0.2,informational,0.3182,morning_routine
morning routine teenager,260,0,0.2,informational,0.3182,morning_routine
morning routine for teens,260,0,0.05,informational,0.3136,morning_routine
morning summer routine,260,0,0,informational,0.312,morning_routine
morning routine for summer,260,0,0,informational,0.312,morning_routine
morning routine ok.ru,260,0,0,informational,0.312,morning_routine
morning routine summer,260,0,0,informational,0.312,morning_routine
summer morning routine,260,0,0,informational,0.312,morning_routine
alexa morning routine,260,1,0,informational,0.3089,morning_routine
morning routine successful people,260,3,0.09,informational,0.3054,morning_routine
morning routine of successful people,260,3,0.09,informational,0.3054,morning_routine
morning stretching routine for women,320,27,0.61,informational,0.2974,morning_routine
morning routine tips,320,27,0,informational,0.2803,morning_routine
morning routine for successful people,260,15,0.09,informational,0.2676,morning_routine
medicube morning routine,210,0,0.54,informational,0.2656,morning_routine
calming morning routine,210,0,0,informational,0.252,morning_routine
morning routine to live to 100,210,1,0,informational,0.2495,morning_routine
perfect morning routine,260,37,0.08,commercial,0.2477,morning_routine
morning routine of successful person,260,22,0.09,informational,0.2456,morning_routine
tips for morning routine,320,37,0,informational,0.2419,morning_routine
korean morning skin routine,210,11,0.75,informational,0.2411,morning_routine
what is a good morning routine,260,37,0.72,informational,0.2107,morning_routine
best morning stretching routine,210,28,1.24,informational,0.2039,morning_routine
