keyword,search_volume,keyword_difficulty,cpc,main_intent,cluster
and learn to read,5400,27,5.15,unknown,learn_to_read
to learn how to read,5400,23,5.94,unknown,learn_to_read
starfall learn to read,2900,29,3.56,unknown,learn_to_read
learn how to read books,1900,29,1.73,unknown,learn_to_read
learn how to read book,1900,16,1.73,unknown,learn_to_read
learn to read books,1900,17,1.73,unknown,learn_to_read
learn how to read music,1600,11,3.05,unknown,learn_to_read
learn to read music,1600,11,3.05,unknown,learn_to_read
learn to read with music,1600,11,3.05,unknown,learn_to_read
books for preschoolers to learn to read,1300,8,2.05,unknown,learn_to_read
how to learn to read,1000,27,4.16,unknown,learn_to_read
leapfrog learn to read storybook factory,1000,0,0.1,unknown,learn_to_read
leapfrog: learn to read storybook factory,1000,0,0.1,unknown,learn_to_read
leapfrog: learn to read at the storybook factory,1000,0,0.36,unknown,learn_to_read
how to learn how read,1000,24,4.16,unknown,learn_to_read
learn to read in 100 easy lessons,1000,0,1.01,unknown,learn_to_read
leapfrog learn to read at the storybook factory,1000,0,0.1,unknown,learn_to_read
how do deaf people learn how to read,880,0,0,unknown,learn_to_read
how do deaf people learn to read,880,0,0,unknown,learn_to_read
how do i learn how to read,880,26,3.78,unknown,learn_to_read
how do you learn to read,880,21,3.78,unknown,learn_to_read
how to learn read,880,18,3.78,unknown,learn_to_read
how can i learn how to read,880,13,3.78,unknown,learn_to_read
how can i learn to read,880,28,3.78,unknown,learn_to_read
how learn to read,880,19,3.78,unknown,learn_to_read
how do i learn to read,880,26,3.78,unknown,learn_to_read
kindergarten books learn to read,880,19,2.77,unknown,learn_to_read
how can you learn how to read,880,21,3.78,unknown,learn_to_read
how do you learn how to read,880,20,3.78,unknown,learn_to_read
learn to read the tarot cards,720,0,1.53,unknown,learn_to_read
leapfrog learn to read,720,9,0.62,unknown,learn_to_read
learn to read the tarot,720,0,1.93,unknown,learn_to_read
book learn to read,720,2,1.64,unknown,learn_to_read
learn how to read the tarot cards,720,0,1.93,unknown,learn_to_read
book to learn how to read,720,5,1.64,unknown,learn_to_read
how did frederick douglass learn to read,720,0,0,unknown,learn_to_read
book to learn to read,720,29,1.64,unknown,learn_to_read
books to learn to read,720,29,1.75,unknown,learn_to_read
how did frederick douglass learn how to read,720,0,0,unknown,learn_to_read
books to learn how to read,720,0,1.64,unknown,learn_to_read
how does frederick douglass learn to read,720,0,0,unknown,learn_to_read
learn to read piano sheet music,590,0,3.12,unknown,learn_to_read
learn to read piano sheet,590,26,3.12,unknown,learn_to_read
how do i learn how to read music,590,1,2.65,unknown,learn_to_read
how do you learn to read music,590,1,2.65,unknown,learn_to_read
learn to read and read to learn,590,29,6.32,unknown,learn_to_read
learn how to read sheet music,590,0,3.12,unknown,learn_to_read
learn how to read music sheets,590,0,3.76,unknown,learn_to_read
learn to read malcolm x,590,0,0.39,unknown,learn_to_read
learning to read to reading to learn,590,2,6.32,unknown,learn_to_read
learn to read music sheets,590,17,3.12,unknown,learn_to_read
how to learn how to read music,590,11,2.65,unknown,learn_to_read
learn to read duolingo abc,590,28,4.89,unknown,learn_to_read
learn to read and write frederick douglass,590,0,4.48,unknown,learn_to_read
how can i learn to read music,590,1,2.65,unknown,learn_to_read
how do i learn to read music,590,18,2.65,unknown,learn_to_read
how learn to read music,590,11,3.06,unknown,learn_to_read
children's learn to read,590,26,1.85,unknown,learn_to_read
reading to learn learning to read,590,2,8.46,unknown,learn_to_read
how to learn read music,590,6,2.65,unknown,learn_to_read
learn how to read music sheet,590,0,3.12,unknown,learn_to_read
learn to read music notes,590,9,3.12,unknown,learn_to_read
learn to read music sheet,590,18,3.12,unknown,learn_to_read
learning to read reading to learn,590,2,6.32,unknown,learn_to_read
learning to read and reading to learn,590,3,6.32,unknown,learn_to_read
learn to read sheet music,590,3,3.76,unknown,learn_to_read
reading to learn and learning to read,590,0,6.32,unknown,learn_to_read
how to learn to read music,590,1,2.65,unknown,learn_to_read
learn how to read worksheets,480,11,2.72,unknown,learn_to_read
learn to read in spanish,480,7,4.73,unknown,learn_to_read
learn to read worksheet,480,12,2.72,unknown,learn_to_read
learn to read worksheets,480,12,2.08,unknown,learn_to_read
best apps to learn to read,390,18,10.26,unknown,learn_to_read
learn to read adults,390,7,3.54,unknown,learn_to_read
best learn to read app,390,18,11.63,unknown,learn_to_read
best apps learn to read,390,18,10.06,unknown,learn_to_read
bob books learn to read,390,0,0.73,unknown,learn_to_read
learn how to read adults,390,4,4.98,unknown,learn_to_read
top learn to read apps,390,0,11.63,unknown,learn_to_read
frederick douglass learn to read and write,390,0,0,unknown,learn_to_read
learn to read as an adult,390,3,3.54,unknown,learn_to_read
learn to read spanish,390,7,3.87,unknown,learn_to_read
learn how to read for adults,390,1,3.54,unknown,learn_to_read
best apps to learn how to read,390,26,10.26,unknown,learn_to_read
best app learn to read,390,18,10.06,unknown,learn_to_read
learn to read adult,390,3,3.54,unknown,learn_to_read
learn how to read spanish,390,15,3.87,unknown,learn_to_read
how did frederick douglass learn to read and write,390,0,0,unknown,learn_to_read
best learn to read apps,390,22,11.63,unknown,learn_to_read
best app to learn how to read,390,26,10.26,unknown,learn_to_read
learn to read for adults,390,0,3.54,unknown,learn_to_read
learn how to read in spanish,390,10,3.87,unknown,learn_to_read
learn how to read as an adult,390,0,3.54,unknown,learn_to_read
malcolm x learn to read,390,0,0,unknown,learn_to_read
once you learn to read you will be forever free,390,0,0,unknown,learn_to_read
www starfall com learn to read,320,29,4.83,unknown,learn_to_read
learn how to read music piano,320,0,3.95,unknown,learn_to_read
learn how to read japanese,320,15,3.27,unknown,learn_to_read
learn to read japanese,320,13,3.27,unknown,learn_to_read
learn how to read tape measure,320,0,0.13,unknown,learn_to_read
hooked on phonics learn to read,320,0,3.14,unknown,learn_to_read
learn to read tape measure,320,2,0.13,unknown,learn_to_read
learn how to read a measuring tape,320,0,0.13,unknown,learn_to_read
how to learn how to read a tape measure,320,0,0.13,unknown,learn_to_read
learn how to read a tape measure,320,0,0.13,unknown,learn_to_read
how to learn to read a tape measure,320,0,0.13,unknown,learn_to_read
learn how to read music for piano,320,19,3.95,unknown,learn_to_read
learn to read music for piano,320,3,3.95,unknown,learn_to_read
learn to read piano music,320,10,3.95,unknown,learn_to_read
learn how to read piano music,320,11,3.95,unknown,learn_to_read
learn to read in japanese,320,13,2.82,unknown,learn_to_read
learn to read a tape measure,320,2,0.13,unknown,learn_to_read
learn to read music piano,320,0,3.95,unknown,learn_to_read
reader rabbit learn to read with phonics,320,0,2.26,unknown,learn_to_read
learn to read kindergarten,260,1,5.69,unknown,learn_to_read
learn how to read blueprints,260,0,10.34,unknown,learn_to_read
learn to read blueprints,260,0,10.34,unknown,learn_to_read
learn how to read for kindergarten,260,18,5.69,unknown,learn_to_read
learn to read phonics,260,18,4.35,unknown,learn_to_read
learn how to read with phonics,260,10,4.35,unknown,learn_to_read
how to learn to read blueprints,260,0,10.34,unknown,learn_to_read
learn to read in hebrew,260,14,3.76,unknown,learn_to_read
learn to read with phonics,260,20,4.35,unknown,learn_to_read
what age do you learn to read,260,0,0,unknown,learn_to_read
how do you learn to read lips,260,3,0.12,unknown,learn_to_read
how to learn how to read lips,260,24,0.12,unknown,learn_to_read
learn how to read program,260,29,5.6,unknown,learn_to_read
best book to learn to read,260,0,4.08,unknown,learn_to_read
learn how to read hebrew,260,11,3.76,unknown,learn_to_read
learn how to lip read,260,20,0.21,unknown,learn_to_read
learn how to read phonics,260,5,4.35,unknown,learn_to_read
learn to read program,260,19,5.6,unknown,learn_to_read
learn to read programs,260,17,5.6,unknown,learn_to_read
learn how to read kindergarten,260,7,5.69,unknown,learn_to_read
learn to lip read,260,21,0.25,unknown,learn_to_read
learn how to read programs,260,29,5.6,unknown,learn_to_read
learn to read hebrew,260,14,3.7,unknown,learn_to_read
how did helen keller learn to read,260,11,0,unknown,learn_to_read
learn to read by phonics,260,18,4.35,unknown,learn_to_read
learn to read for kindergarten,260,1,5.69,unknown,learn_to_read
how to learn to read lips,260,5,0.12,unknown,learn_to_read
learn to read lips,260,8,0.25,unknown,learn_to_read
storybots: learn to read,260,4,1,unknown,learn_to_read
learn to read in kindergarten,260,1,5.69,unknown,learn_to_read
learn how to read lips,260,22,0.25,unknown,learn_to_read
best books to learn to read,260,0,4.08,unknown,learn_to_read
how to learn to lip read,260,21,0.12,unknown,learn_to_read
storybots learn to read,260,4,1,unknown,learn_to_read
learn how to read and write,210,16,5.73,unknown,learn_to_read
how to learn to read books,210,16,0.61,unknown,learn_to_read
alphablocks learn to read,210,13,0.98,unknown,learn_to_read
learn to read quran,210,17,3.94,unknown,learn_to_read
learn how to read guitar music,210,0,3.96,unknown,learn_to_read
learn to read qur'an,210,1,3.94,unknown,learn_to_read
learn to read the quran,210,4,3.94,unknown,learn_to_read
learn to read chinese,210,8,2.88,unknown,learn_to_read
learn to read mandarin,210,3,2.88,unknown,learn_to_read
learn to read book,210,29,0.61,unknown,learn_to_read
learn to read korean,210,17,4.07,unknown,learn_to_read
learn how to read chinese,210,20,2.88,unknown,learn_to_read
learn how to read the quran,210,0,3.94,unknown,learn_to_read
learn to write and read,210,14,5.73,unknown,learn_to_read
how does the brain learn to read,210,26,0.55,unknown,learn_to_read
learn to read in korean,210,17,4.07,unknown,learn_to_read
learn how to read a book,210,12,0.61,unknown,learn_to_read
learn to read mandarin chinese,210,8,2.88,unknown,learn_to_read
how did helen keller learn to read and write,210,14,0,unknown,learn_to_read
learn to speed read,210,27,1.86,unknown,learn_to_read
learn to read storybook factory,210,0,0.07,unknown,learn_to_read
starfall learn to read app,210,29,5.52,unknown,learn_to_read
learn how to read korean,210,8,4.07,unknown,learn_to_read
learn to read english,210,25,4.24,unknown,learn_to_read
learn to read at the storybook factory,210,0,0.07,unknown,learn_to_read
learn how to read quran,210,0,3.94,unknown,learn_to_read
how do dinosaurs learn to read,210,0,0.75,unknown,learn_to_read
learn to read music for guitar,170,0,2.16,unknown,learn_to_read
learn to read latin,170,2,1.51,unknown,learn_to_read
learn how to read latin,170,5,1.51,unknown,learn_to_read
starfall learn to read with phonics,170,16,3.54,unknown,learn_to_read
learn to read the clock,170,18,0.15,unknown,learn_to_read
best learn to read books,170,3,2.01,unknown,learn_to_read
learn to read flashcards,170,0,2,unknown,learn_to_read
100 lessons to learn to read,170,0,0.14,unknown,learn_to_read
learn to read flash cards,170,0,2,unknown,learn_to_read
learn how to read music for guitar,170,0,2.16,unknown,learn_to_read
average age learn to read,170,3,0.23,unknown,learn_to_read
when do you learn to read,170,1,0.17,unknown,learn_to_read
learn to read sheet music for piano,170,0,3.51,unknown,learn_to_read
how to learn to read sheet music,170,4,3.79,unknown,learn_to_read
learn how to read sheet music for piano,170,11,3.51,unknown,learn_to_read
learn how to read in arabic,170,9,4.48,unknown,learn_to_read
learn how to read the clock,170,10,0.15,unknown,learn_to_read
frederick douglass learn to read,170,0,0,unknown,learn_to_read
how do you learn to speed read,170,19,1.42,unknown,learn_to_read
learn to read guitar music,170,0,2.16,unknown,learn_to_read
learn to read piano music for beginners,170,0,3.51,unknown,learn_to_read
learn to read toys,170,1,1.38,unknown,learn_to_read
learn to read latin book,170,2,1.51,unknown,learn_to_read
learn to read music guitar,170,0,2.16,unknown,learn_to_read
learn to read toy,170,3,1.38,unknown,learn_to_read
