keyword,search_volume_12mo_avg,recent_3mo_avg,keyword_difficulty,cpc_usd,competition_level,competition_score,yearly_trend_pct,quarterly_trend_pct,monthly_trend_pct,intent
generative engine optimization,5400,4467,57,19.15,MEDIUM,0.62,50,-18,-33,informational
generative engine optimization geo,1300,2133,57,21.15,LOW,0.27,841,-45,-16,informational
generative engine optimization geo services,480,1567,13,114.05,LOW,0.02,,140,85,commercial
what is generative engine optimization,720,1290,57,5.71,LOW,0.17,319,49,-63,informational
generative engine optimization tools,480,963,4,27.1,LOW,0.13,357,88,-87,informational
generative engine optimization tool,480,963,6,27.1,LOW,0.13,357,88,-87,informational
geo generative engine optimization,720,827,71,16.1,MEDIUM,0.55,238,20.4,22,informational
geo: generative engine optimization,720,773,53,19.43,MEDIUM,0.6,177,12.6,-18,informational
generative engine optimization services,480,770,6,50,LOW,0.08,177,22,-28,commercial
leading software for ai visibility and generative engine optimization,320,700,,,LOW,0,,1627,2011,commercial
generative engine optimization service,480,690,2,47.98,LOW,0.07,614,108,69,commercial
ai tools with best generative engine optimization features,260,680,,,LOW,0,,3700,2011,commercial
profound generative engine optimization,320,577,20,,LOW,0.01,,-70,-56,commercial
generative engine optimization agency,260,543,,41.81,LOW,0.15,743,84,-18,commercial
generative engine optimization geo tools,110,200,6,40.13,LOW,0.03,,53,53,commercial
ai visibility solutions with best generative engine optimization,140,187,,,LOW,0,,143,-47,commercial
generative engine optimization companies,110,173,2,48.63,LOW,0.11,750.0,89,-35,commercial
generative engine optimization company,110,173,4,48.63,LOW,0.11,750.0,89,-35,commercial
top solutions for ai visibility and generative engine optimization,140,167,,,LOW,0,,143,-35,commercial
what is generative engine optimization geo,140,150,57,10.36,LOW,0.19,600,-18,0.0,informational
recommended generative engine optimization software,110,123,,29.45,LOW,0.01,,55,89,commercial
how does generative engine optimization work,50,123,30,12.37,LOW,0.06,,56,0.0,informational
generative engine optimization course,140,117,,7.99,MEDIUM,0.56,-36.4,-36,-59,informational
generative engine optimization courses,140,117,,7.99,MEDIUM,0.56,-36.4,-36,-59,commercial
best ai visibility products with generative engine optimization,110,117,,,LOW,0,,80,-57,commercial
answer engine optimization vs generative engine optimization,50,110,6,,LOW,0.06,,29,-47,commercial
top generative engine optimization companies in ai,110,90,,,LOW,0,,143,467,commercial
what's the best generative engine optimization strategy for ai,110,90,12,,LOW,0,,133,-59,informational
most effective ai visibility tools with generative engine optimization,110,87,3,,LOW,0,,180,100,commercial
generative engine optimization strategy,90,87,54,14.19,LOW,0.16,56,100,180,commercial
generative engine optimization strategies,90,87,39,14.19,LOW,0.16,56,100,180,informational
which generative engine optimization is best for ai,90,83,3,,LOW,0,,67,-71,commercial
what is geo generative engine optimization,90,83,54,23.14,MEDIUM,0.54,250,-36,0.0,informational
top rated generative engine optimization for ai,90,80,,,LOW,0,,150,-71,commercial
top generative engine optimization strategies for ai visibility,110,77,,,LOW,0,,180,250,commercial
best rated generative engine optimization for ai,90,77,,,LOW,0,,400,-71,commercial
leading generative engine optimization services for ai products,110,73,6,,LOW,0,,125,0.0,commercial
best generative engine optimization tools,50,73,8,20.91,LOW,0.1,,46.7,125,commercial
leading generative engine optimization services in ai industry,110,67,,,LOW,0,,175,120,commercial
best generative engine optimization for ai focused businesses,90,60,,,LOW,0,,175,267,commercial
generative optimization engine,50,60,55,9.79,HIGH,0.74,300,-43,-43,commercial
generative engine optimization best practices,50,57,11,20.96,LOW,0.24,,40,40,commercial
semrush generative engine optimization,110,53,16,,LOW,0.01,,200,125,commercial
generative ai search engine optimization,70,53,39,11.25,LOW,0.08,-50,250,0.0,commercial
compare top generative engine optimization platforms for ai visibility,40,53,,,LOW,0,,1300,1300,commercial
generative search engine optimization,70,50,55,7.82,LOW,0.19,29,125,350,commercial
generative engine optimization software,50,47,2,,LOW,0.04,,150,-29,commercial
generative ai engine optimization,50,43,55,31.3,LOW,0.27,250,133,133,informational
generative engine optimization checklist,50,37,,,LOW,0.13,,-57,200,commercial
how to do generative engine optimization,50,30,21,24.41,LOW,0.24,33.3,100,33,informational
generative engine optimization statistics,210,23,28,7.78,LOW,0.11,,-94.0,-80,commercial
